Year,Place,Player,Age,Tm,Pos,Votes,Vote%,1st,2nd,3rd,4th,5th,G,A,PTS,+/-,W,L,T/O,GAA,SV%,OPS,DPS,GPS,PS
2008,1,Alex Ovechkin,22,WSH,LW,1313,97.99,128,4,1,0,0,65,47,112,28,,,,,,14.1,3.1,0.0,17.2
2008,2,Evgeni Malkin,21,PIT,C,659,49.18,1,66,27,13,13,47,59,106,16,,,,,,11.5,2.4,0.0,13.9
2008,3,Jarome Iginla,30,CGY,RW,565,42.16,2,41,33,26,15,50,48,98,27,,,,,,11.3,2.9,0.0,14.2
2008,4,Nicklas Lidström,37,DET,D,246,18.36,2,7,17,24,20,10,60,70,40,,,,,,6.4,8.1,0.0,14.4
2008,5,Martin Brodeur,35,NJD,G,239,17.84,1,8,19,21,15,0,4,4,0,44,27,6,2.17,.920,0.0,0.0,15.5,15.5
2008,6,Joe Thornton,28,SJS,C,157,11.72,0,3,16,14,14,29,67,96,18,,,,,,8.6,3.3,0.0,11.9
2008,7,Evgeni Nabokov,32,SJS,G,109,8.13,0,1,12,9,15,0,2,2,0,46,21,8,2.14,.910,0.0,0.0,11.2,11.2
2008,8,Alex Kovalev,34,MTL,RW,94,7.01,0,1,5,15,17,35,49,84,18,,,,,,8.4,2.4,0.0,10.8
2008,9,Pavel Datsyuk,29,DET,C,43,3.21,0,1,2,7,5,31,66,97,41,,,,,,8.8,3.7,0.0,12.6
2008,10,Henrik Zetterberg,27,DET,LW,17,1.27,0,0,2,1,4,43,49,92,30,,,,,,9.9,3.2,0.0,13.0
2008,11,Marián Gáborík,25,MIN,RW,9,0.67,0,0,0,2,3,42,41,83,17,,,,,,9.2,2.5,0.0,11.6
2008,12,Roberto Luongo,28,VAN,G,7,0.52,0,1,0,0,0,0,3,3,0,35,29,9,2.38,.917,0.0,0.0,14.4,14.4
2008,12,Dion Phaneuf,22,CGY,D,7,0.52,0,1,0,0,0,17,43,60,12,,,,,,6.1,5.1,0.0,11.2
2008,14,Zdeno Chára,30,BOS,D,4,0.30,0,0,0,1,1,17,34,51,14,,,,,,5.1,5.4,0.0,10.5
2008,14,Ilya Kovalchuk,24,ATL,LW,4,0.30,0,0,0,1,1,52,35,87,-12,,,,,,10.7,1.3,0.0,12.0
2008,16,Daniel Alfredsson,35,OTT,RW,3,0.22,0,0,0,0,3,40,49,89,15,,,,,,9.7,1.8,0.0,11.5
2008,17,Sidney Crosby,20,PIT,C,2,0.15,0,0,0,0,2,24,48,72,18,,,,,,7.2,1.9,0.0,9.0
2008,17,Sergei Gonchar,33,PIT,D,2,0.15,0,0,0,0,2,12,53,65,13,,,,,,6.0,5.2,0.0,11.1
2008,17,Vincent Lecavalier,27,TBL,C,2,0.15,0,0,0,0,2,40,52,92,-17,,,,,,9.1,1.6,0.0,10.7
2008,17,Scott Niedermayer,34,ANA,D,2,0.15,0,0,0,0,2,8,17,25,-2,,,,,,2.3,2.7,0.0,5.0
2009,1,Alex Ovechkin,23,WSH,LW,1264,95.04,115,14,2,2,0,56,54,110,8,,,,,,12.5,2.0,0.0,14.5
2009,2,Evgeni Malkin,22,PIT,C,787,59.17,12,71,27,9,8,35,78,113,17,,,,,,10.2,2.4,0.0,12.6
2009,3,Pavel Datsyuk,30,DET,C,404,30.38,4,14,38,19,19,32,65,97,34,,,,,,8.9,2.6,0.0,11.5
2009,4,Steve Mason,20,CBJ,G,266,20.00,0,13,21,18,16,0,0,0,0,33,20,7,2.29,.916,0.0,0.0,11.2,11.2
2009,5,Zach Parise,24,NJD,LW,257,19.32,0,5,20,31,29,45,49,94,30,,,,,,9.9,2.9,0.0,12.8
2009,6,Sidney Crosby,21,PIT,C,103,7.74,0,3,5,13,18,33,70,103,3,,,,,,9.4,1.7,0.0,11.1
2009,7,Tim Thomas,34,BOS,G,100,7.52,0,3,9,7,13,0,1,1,0,36,11,7,2.10,.933,0.0,0.0,14.7,14.7
2009,8,Zdeno Chára,31,BOS,D,79,5.94,2,3,2,8,4,19,31,50,23,,,,,,4.8,5.7,0.0,10.5
2009,9,Joe Thornton,29,SJS,C,27,2.03,0,2,1,2,2,25,61,86,16,,,,,,6.8,2.7,0.0,9.5
2009,10,Roberto Luongo,29,VAN,G,19,1.43,0,2,0,1,2,0,1,1,0,33,13,7,2.34,.920,0.0,0.0,11.1,11.1
2009,10,Jeff Carter,24,PHI,C,19,1.43,0,1,0,2,6,46,38,84,23,,,,,,9.2,2.5,0.0,11.7
2009,10,Jarome Iginla,31,CGY,RW,19,1.43,0,0,2,2,3,35,54,89,-2,,,,,,7.8,1.7,0.0,9.5
2009,13,Rick Nash,24,CBJ,LW,13,0.98,0,0,1,2,2,40,39,79,11,,,,,,7.9,2.2,0.0,10.1
2009,13,Mike Green,23,WSH,D,13,0.98,0,0,2,1,0,31,42,73,24,,,,,,9.0,4.9,0.0,13.9
2009,15,Ryan Getzlaf,23,ANA,C,11,0.83,0,0,1,2,0,25,66,91,5,,,,,,7.3,1.9,0.0,9.2
2009,16,Evgeni Nabokov,33,SJS,G,8,0.60,0,0,1,1,0,0,1,1,0,41,12,8,2.44,.910,0.0,0.0,10.2,10.2
2009,17,Nicklas Lidström,38,DET,D,7,0.53,0,0,1,0,0,16,43,59,31,,,,,,5.5,5.7,0.0,11.2
2009,17,Patrick Marleau,29,SJS,LW,7,0.53,0,0,0,2,1,38,33,71,16,,,,,,6.5,2.7,0.0,9.2
2009,17,Cam Ward,24,CAR,G,7,0.53,0,0,0,2,1,0,1,1,0,39,23,5,2.44,.916,0.0,0.0,12.9,12.9
2009,20,Miikka Kiprusoff,32,CGY,G,6,0.45,0,0,0,2,0,0,3,3,0,45,24,5,2.84,.903,0.0,0.0,11.5,11.5
2009,20,Henrik Zetterberg,28,DET,C,6,0.45,0,0,0,1,3,31,42,73,13,,,,,,6.4,1.7,0.0,8.1
2009,22,Chris Mason,32,STL,G,4,0.30,0,0,0,1,1,0,1,1,0,27,21,7,2.41,.916,0.0,0.0,10.6,10.6
2009,22,Eric Staal,24,CAR,C,4,0.30,0,0,0,1,1,40,35,75,15,,,,,,7.1,2.7,0.0,9.8
2009,24,Dan Boyle,32,SJS,D,3,0.23,0,0,0,1,0,16,41,57,6,,,,,,5.2,5.3,0.0,10.6
2009,24,Marián Hossa,30,DET,RW,3,0.23,0,0,0,1,0,40,31,71,27,,,,,,7.7,2.1,0.0,9.9
2009,26,Mike Richards,23,PHI,C,1,0.08,0,0,0,0,1,30,50,80,22,,,,,,7.0,2.4,0.0,9.4
2009,26,Marc Savard,31,BOS,C,1,0.08,0,0,0,0,1,25,63,88,25,,,,,,7.3,2.5,0.0,9.8
2010,1,Henrik Sedin,29,VAN,C,894,67.22,46,34,27,19,4,29,83,112,35,,,,,,10.6,2.9,0.0,13.5
2010,2,Alex Ovechkin,24,WSH,LW,834,62.71,40,35,22,22,13,50,59,109,45,,,,,,13.0,2.5,0.0,15.6
2010,3,Sidney Crosby,22,PIT,C,729,54.81,20,35,38,29,7,51,58,109,15,,,,,,12.2,2.4,0.0,14.7
2010,4,Ryan Miller,29,BUF,G,505,37.97,13,22,24,27,20,0,0,0,0,41,18,8,2.22,.929,0.0,0.0,16.8,16.8
2010,5,Ilya Bryzgalov,29,PHX,G,354,26.62,13,6,17,22,31,0,1,1,0,42,20,6,2.29,.920,0.0,0.0,13.9,13.9
2010,6,Steven Stamkos,19,TBL,C,28,2.11,0,0,2,3,9,51,44,95,-2,,,,,,10.9,1.9,0.0,12.8
2010,7,Patrick Kane,21,CHI,RW,17,1.28,0,1,0,2,4,30,58,88,16,,,,,,8.1,2.2,0.0,10.3
2010,8,Martin Brodeur,37,NJD,G,16,1.20,0,0,2,0,6,0,3,3,0,45,25,6,2.24,.916,0.0,0.0,13.2,13.2
2010,9,Craig Anderson,28,COL,G,10,0.75,1,0,0,0,0,0,3,3,0,38,25,7,2.63,.917,0.0,0.0,14.8,14.8
2010,9,Patrick Marleau,30,SJS,C,10,0.75,0,0,0,3,1,44,39,83,21,,,,,,8.8,2.6,0.0,11.4
2010,9,Nicklas Bäckström,22,WSH,C,10,0.75,0,0,0,2,4,33,68,101,37,,,,,,10.0,2.2,0.0,12.2
2010,12,Joe Thornton,30,SJS,C,9,0.68,0,0,0,1,6,20,69,89,17,,,,,,7.3,2.2,0.0,9.6
2010,13,Zach Parise,25,NJD,C,7,0.53,0,0,1,0,2,38,44,82,24,,,,,,8.4,3.1,0.0,11.5
2010,14,Mike Green,24,WSH,D,5,0.38,0,0,0,1,2,19,57,76,39,,,,,,8.2,4.8,0.0,13.0
2010,15,Zdeno Chára,32,BOS,D,3,0.23,0,0,0,1,0,7,37,44,19,,,,,,3.1,7.2,0.0,10.2
2010,15,Duncan Keith,26,CHI,D,3,0.23,0,0,0,0,3,14,55,69,21,,,,,,6.3,6.2,0.0,12.6
2010,17,Drew Doughty,20,LAK,D,2,0.15,0,0,0,0,2,16,43,59,20,,,,,,5.6,6.2,0.0,11.9
2010,17,Marián Gáborík,27,NYR,RW,2,0.15,0,0,0,0,2,42,44,86,15,,,,,,9.4,2.6,0.0,12.1
2010,17,Anže Kopitar,22,LAK,C,2,0.15,0,0,0,0,2,34,47,81,6,,,,,,7.2,2.2,0.0,9.5
2010,17,Nicklas Lidström,39,DET,D,2,0.15,0,0,0,0,2,9,40,49,22,,,,,,3.8,6.9,0.0,10.7
2010,17,Tuukka Rask,22,BOS,G,2,0.15,0,0,0,0,2,0,3,3,0,22,12,5,1.97,.931,0.0,0.0,10.2,10.2
2010,17,Martin St. Louis,34,TBL,RW,2,0.15,0,0,0,0,2,29,65,94,-8,,,,,,8.1,1.8,0.0,9.9
2010,23,Henrik Lundqvist,27,NYR,G,1,0.08,0,0,0,0,1,0,1,1,0,35,27,10,2.38,.921,0.0,0.0,15.0,15.0
2010,23,Evgeni Nabokov,34,SJS,G,1,0.08,0,0,0,0,1,0,0,0,0,44,16,10,2.43,.922,0.0,0.0,15.6,15.6
2010,23,Chris Pronger,35,PHI,D,1,0.08,0,0,0,0,1,10,45,55,22,,,,,,4.6,6.8,0.0,11.4
2010,23,Paul Stastny,24,COL,C,1,0.08,0,0,0,0,1,20,59,79,2,,,,,,5.6,1.8,0.0,7.4
2010,23,Tomáš Vokoun,33,FLA,G,1,0.08,0,0,0,0,1,0,2,2,0,23,28,11,2.55,.925,0.0,0.0,15.7,15.7
2010,23,Shea Weber,24,NSH,D,1,0.08,0,0,0,0,1,16,27,43,0,,,,,,4.3,3.9,0.0,8.2
2010,23,Henrik Zetterberg,29,DET,C,1,0.08,0,0,0,0,1,23,47,70,12,,,,,,5.8,2.4,0.0,8.2
2011,1,Corey Perry,25,ANA,RW,1043,82.78,67,47,8,1,1,50,48,98,9,,,,,,10.8,2.5,0.0,13.3
2011,2,Daniel Sedin,30,VAN,LW,960,76.19,51,56,9,4,1,41,63,104,30,,,,,,11.5,2.8,0.0,14.3
2011,3,Martin St. Louis,35,TBL,RW,332,26.35,1,6,36,28,16,31,68,99,0,,,,,,9.3,2.0,0.0,11.3
2011,4,Pekka Rinne,28,NSH,G,175,13.89,1,2,17,17,15,0,0,0,0,33,22,9,2.12,.930,0.0,0.0,15.1,15.1
2011,5,Tim Thomas,36,BOS,G,171,13.57,1,5,15,12,15,0,3,3,0,35,11,9,2.00,.938,0.0,0.0,16.2,16.2
2011,6,Jonathan Toews,22,CHI,C,107,8.49,0,2,7,15,13,32,44,76,25,,,,,,7.1,2.7,0.0,9.8
2011,7,Carey Price,23,MTL,G,90,7.14,2,0,10,4,8,0,2,2,0,38,28,6,2.35,.923,0.0,0.0,15.4,15.4
2011,8,Ryan Kesler,26,VAN,C,69,5.48,1,3,4,5,3,41,32,73,24,,,,,,7.6,2.7,0.0,10.4
2011,9,Marc-André Fleury,26,PIT,G,58,4.60,1,3,1,6,4,0,1,1,0,36,20,5,2.32,.918,0.0,0.0,11.4,11.4
2011,10,Henrik Sedin,30,VAN,C,57,4.52,0,1,3,8,4,19,75,94,26,,,,,,7.8,2.7,0.0,10.5
2011,11,Steven Stamkos,20,TBL,C,41,3.25,0,0,2,9,4,45,46,91,3,,,,,,10.1,2.0,0.0,12.2
2011,12,Jarome Iginla,33,CGY,RW,31,2.46,0,1,1,4,7,43,43,86,0,,,,,,9.2,1.8,0.0,11.0
2011,13,Zdeno Chára,33,BOS,D,23,1.83,0,0,2,4,1,14,30,44,33,,,,,,4.0,6.0,0.0,10.0
2011,14,Alex Ovechkin,25,WSH,LW,19,1.51,0,0,0,4,7,32,53,85,24,,,,,,8.1,3.0,0.0,11.1
2011,14,Henrik Lundqvist,28,NYR,G,19,1.51,0,0,1,2,8,0,4,4,0,36,27,5,2.28,.923,0.0,0.0,14.0,14.0
2011,16,Henrik Zetterberg,30,DET,C,16,1.27,0,0,2,1,3,24,56,80,-1,,,,,,6.8,1.4,0.0,8.2
2011,17,Roberto Luongo,31,VAN,G,15,1.19,1,0,1,0,0,0,3,3,0,38,15,7,2.11,.928,0.0,0.0,13.6,13.6
2011,18,Ilya Bryzgalov,30,PHX,G,13,1.03,0,0,2,0,3,0,0,0,0,36,20,10,2.48,.921,0.0,0.0,14.7,14.7
2011,19,Nicklas Lidström,40,DET,D,11,0.87,0,0,2,0,1,16,46,62,-2,,,,,,6.2,3.3,0.0,9.5
2011,20,Sidney Crosby,23,PIT,C,5,0.40,0,0,1,0,0,32,34,66,20,,,,,,8.2,1.9,0.0,10.1
2011,20,Ryan Getzlaf,25,ANA,C,5,0.40,0,0,1,0,0,19,57,76,14,,,,,,6.1,2.3,0.0,8.4
2011,20,Kris Letang,23,PIT,D,5,0.40,0,0,1,0,0,8,42,50,15,,,,,,4.1,5.7,0.0,9.8
2011,23,Chris Pronger,36,PHI,D,3,0.24,0,0,0,1,0,4,21,25,7,,,,,,1.9,2.3,0.0,4.2
2011,23,Ľubomír Višňovský,34,ANA,D,3,0.24,0,0,0,1,0,18,50,68,18,,,,,,7.0,5.8,0.0,12.8
2011,25,Shea Weber,25,NSH,D,2,0.16,0,0,0,0,2,16,32,48,7,,,,,,4.6,5.5,0.0,10.1
2011,26,Patrick Marleau,31,SJS,C,1,0.08,0,0,0,0,1,37,36,73,-3,,,,,,7.1,1.7,0.0,8.8
2011,26,Ryan Miller,30,BUF,G,1,0.08,0,0,0,0,1,0,2,2,0,34,22,8,2.59,.916,0.0,0.0,12.4,12.4
2011,26,Keith Yandle,24,PHX,D,1,0.08,0,0,0,0,1,11,48,59,12,,,,,,5.4,4.5,0.0,9.9
2012,1,Evgeni Malkin,25,PIT,C,1473,98.86,144,4,1,0,0,50,59,109,18,,,,,,13.4,2.3,0.0,15.7
2012,2,Steven Stamkos,21,TBL,C,598,40.13,1,54,24,24,18,60,37,97,7,,,,,,12.8,1.9,0.0,14.6
2012,3,Henrik Lundqvist,29,NYR,G,556,37.32,3,35,36,28,17,0,2,2,0,39,18,5,1.97,.930,0.0,0.0,14.1,14.1
2012,4,Claude Giroux,24,PHI,RW,458,30.74,0,25,34,28,29,28,65,93,6,,,,,,8.9,1.6,0.0,10.6
2012,5,Jonathan Quick,26,LAK,G,357,23.96,1,22,23,19,21,0,2,2,0,35,21,13,1.95,.929,0.0,0.0,14.7,14.7
2012,6,Jason Spezza,28,OTT,C,134,8.99,0,2,14,11,17,34,50,84,11,,,,,,8.8,1.7,0.0,10.5
2012,7,Pekka Rinne,29,NSH,G,64,4.30,0,4,2,6,8,0,5,5,0,43,18,8,2.39,.923,0.0,0.0,15.5,15.5
2012,8,Erik Karlsson,21,OTT,D,52,3.49,0,0,4,7,11,19,59,78,16,,,,,,8.6,4.5,0.0,13.1
2012,9,Henrik Sedin,31,VAN,C,40,2.68,0,2,2,5,1,14,67,81,23,,,,,,6.1,2.6,0.0,8.7
2012,10,Ilya Kovalchuk,28,NJD,LW,38,2.55,0,1,2,5,6,37,46,83,-9,,,,,,8.2,2.3,0.0,10.5
2012,11,Mike Smith,29,PHX,G,16,1.07,0,0,0,4,4,0,2,2,0,38,18,10,2.21,.930,0.0,0.0,16.7,16.7
2012,12,Zdeno Chára,34,BOS,D,15,1.01,0,0,1,3,1,12,40,52,33,,,,,,5.1,5.9,0.0,10.9
2012,13,Shea Weber,26,NSH,D,12,0.81,0,0,1,2,1,19,30,49,21,,,,,,5.2,6.2,0.0,11.4
2012,14,Pavel Datsyuk,33,DET,C,11,0.74,0,0,1,1,3,19,48,67,21,,,,,,5.7,2.2,0.0,7.9
2012,15,Brian Elliott,26,STL,G,10,0.67,0,0,1,1,2,0,0,0,0,23,10,4,1.56,.940,0.0,0.0,9.0,9.0
2012,16,Ray Whitney,39,PHX,LW,8,0.54,0,0,1,1,0,24,53,77,26,,,,,,6.9,2.8,0.0,9.7
2012,16,Marián Gáborík,29,NYR,RW,8,0.54,0,0,1,0,3,41,35,76,15,,,,,,8.6,2.6,0.0,11.2
2012,18,Patrice Bergeron,26,BOS,C,7,0.47,0,0,0,2,1,22,42,64,36,,,,,,5.7,2.7,0.0,8.3
2012,19,David Backes,27,STL,RW,6,0.40,0,0,1,0,1,24,30,54,15,,,,,,4.2,2.8,0.0,7.0
2012,20,Brian Campbell,32,FLA,D,3,0.20,0,0,0,1,0,4,49,53,-9,,,,,,3.8,4.6,0.0,8.4
2012,20,Radim Vrbata,30,PHX,RW,3,0.20,0,0,0,1,0,35,27,62,24,,,,,,6.8,2.6,0.0,9.3
2012,22,Jamie Benn,22,DAL,LW,2,0.13,0,0,0,0,2,26,37,63,15,,,,,,6.2,2.0,0.0,8.2
2012,22,James Neal,24,PIT,LW,2,0.13,0,0,0,0,2,40,41,81,6,,,,,,9.3,1.7,0.0,11.0
2012,24,Marián Hossa,33,CHI,RW,1,0.07,0,0,0,0,1,29,48,77,18,,,,,,7.3,2.1,0.0,9.4
2013,1,Alex Ovechkin,27,WSH,RW,1090,60.89,50,43,40,27,8,32,24,56,2,,,,,,7.0,1.0,0.0,8.0
2013,2,Sidney Crosby,25,PIT,C,1058,59.11,46,42,41,29,12,15,41,56,26,,,,,,5.8,1.7,0.0,7.5
2013,3,John Tavares,22,NYI,C,919,51.34,38,38,33,29,21,28,19,47,-2,,,,,,5.6,1.0,0.0,6.6
2013,4,Jonathan Toews,24,CHI,C,886,49.50,39,35,29,29,19,23,25,48,28,,,,,,5.6,2.0,0.0,7.6
2013,5,Sergei Bobrovsky,24,CBJ,G,311,17.37,4,12,13,25,47,0,0,0,0,21,11,6,2.00,.932,0.0,0.0,9.2,9.2
2013,6,Patrick Kane,24,CHI,RW,157,8.77,2,6,9,14,8,23,32,55,11,,,,,,6.3,1.3,0.0,7.6
2013,7,Ryan Getzlaf,27,ANA,C,96,5.36,0,0,8,11,23,15,34,49,14,,,,,,4.6,1.5,0.0,6.1
2013,8,Steven Stamkos,22,TBL,C,28,1.56,0,1,2,2,5,29,28,57,-4,,,,,,6.4,0.7,0.0,7.1
2013,9,Martin St. Louis,37,TBL,RW,20,1.12,0,1,0,2,7,17,43,60,0,,,,,,5.4,0.8,0.0,6.3
2013,10,Pavel Datsyuk,34,DET,C,18,1.01,0,0,1,2,7,15,34,49,21,,,,,,4.5,2.1,0.0,6.5
2013,11,Antti Niemi,29,SJS,G,11,0.61,0,0,0,1,8,0,1,1,0,24,12,6,2.16,.924,0.0,0.0,9.2,9.2
2013,12,Craig Anderson,31,OTT,G,10,0.56,0,1,0,1,0,0,0,0,0,12,9,2,1.69,.941,0.0,0.0,6.5,6.5
2013,13,P.K. Subban,23,MTL,D,10,0.56,0,0,1,1,2,11,27,38,12,,,,,,4.3,2.9,0.0,7.1
2013,14,Henrik Sedin,32,VAN,C,5,0.28,0,0,1,0,0,11,34,45,19,,,,,,3.8,1.9,0.0,5.6
2013,14,Evgeni Nabokov,37,NYI,G,5,0.28,0,0,1,0,0,0,4,4,0,23,11,7,2.50,.910,0.0,0.0,6.7,6.7
2013,16,Chris Kunitz,33,PIT,LW,5,0.28,0,0,0,1,2,22,30,52,30,,,,,,5.8,2.0,0.0,7.8
2013,17,Niklas Bäckström,34,MIN,G,3,0.17,0,0,0,1,0,0,0,0,0,24,15,3,2.48,.909,0.0,0.0,6.2,6.2
2013,17,Patrice Bergeron,27,BOS,C,3,0.17,0,0,0,1,0,10,22,32,24,,,,,,2.4,1.9,0.0,4.3
2013,17,Ilya Kovalchuk,29,NJD,LW,3,0.17,0,0,0,1,0,11,20,31,-6,,,,,,2.3,1.0,0.0,3.3
2013,17,Carey Price,25,MTL,G,3,0.17,0,0,0,1,0,0,0,0,0,21,13,4,2.59,.905,0.0,0.0,5.4,5.4
2013,17,Ryan Suter,28,MIN,D,3,0.17,0,0,0,1,0,4,28,32,2,,,,,,2.4,3.6,0.0,6.0
2013,22,Henrik Zetterberg,32,DET,C,3,0.17,0,0,0,0,3,11,37,48,2,,,,,,3.9,1.2,0.0,5.2
2013,23,François Beauchemin,32,ANA,D,1,0.06,0,0,0,0,1,6,18,24,19,,,,,,2.0,3.8,0.0,5.8
2013,23,Jeff Carter,28,LAK,C,1,0.06,0,0,0,0,1,26,7,33,0,,,,,,4.2,1.0,0.0,5.2
2013,23,Pascal Dupuis,33,PIT,LW,1,0.06,0,0,0,0,1,20,18,38,31,,,,,,4.1,2.0,0.0,6.1
2013,23,Henrik Lundqvist,30,NYR,G,1,0.06,0,0,0,0,1,0,1,1,0,24,16,3,2.05,.926,0.0,0.0,9.3,9.3
2013,23,Zach Parise,28,MIN,C,1,0.06,0,0,0,0,1,18,20,38,2,,,,,,3.4,1.3,0.0,4.8
2013,23,James Reimer,24,TOR,G,1,0.06,0,0,0,0,1,0,1,1,0,19,8,5,2.46,.924,0.0,0.0,7.5,7.5
2013,23,Eric Staal,28,CAR,C,1,0.06,0,0,0,0,1,18,35,53,5,,,,,,5.2,1.2,0.0,6.4
2014,1,Sidney Crosby,26,PIT,C,1340,97.81,128,8,1,0,0,36,68,104,18,,,,,,10.7,2.8,0.0,13.5
2014,2,Ryan Getzlaf,28,ANA,C,877,64.01,5,96,28,5,0,31,56,87,28,,,,,,8.8,2.4,0.0,11.2
2014,3,Claude Giroux,26,PHI,C,435,31.75,2,15,42,27,19,28,58,86,7,,,,,,8.1,2.1,0.0,10.2
2014,4,Semyon Varlamov,25,COL,G,256,18.69,1,8,23,22,9,0,3,3,,41,14,6,2.41,.927,0.0,0.0,15.5,15.5
2014,5,Patrice Bergeron,28,BOS,C,137,10.00,0,4,9,17,13,30,32,62,38,,,,,,6.4,2.8,0.0,9.2
2014,6,Tyler Seguin,22,DAL,C,84,6.13,0,1,6,12,11,37,47,84,16,,,,,,9.3,2.2,0.0,11.6
2014,7,Joe Pavelski,29,SJS,C,71,5.18,0,0,3,11,23,41,38,79,23,,,,,,8.8,2.8,0.0,11.5
2014,8,Anže Kopitar,26,LAK,C,58,4.23,0,0,4,9,11,29,41,70,34,,,,,,6.4,3.7,0.0,10.0
2014,9,Jonathan Toews,25,CHI,C,53,3.87,0,2,4,4,7,28,40,68,26,,,,,,6.4,2.3,0.0,8.7
2014,10,Ben Bishop,27,TBL,G,52,3.80,0,0,5,6,9,0,2,2,,37,14,7,2.23,.924,0.0,0.0,12.9,12.9
2014,11,Tuukka Rask,26,BOS,G,35,2.55,0,1,2,5,3,0,2,2,,36,15,6,2.04,.930,0.0,0.0,13.1,13.1
2014,12,Jamie Benn,24,DAL,C,35,2.55,0,1,2,4,6,34,45,79,21,,,,,,8.4,2.5,0.0,10.9
2014,13,Corey Perry,28,ANA,RW,29,2.12,0,0,3,4,2,43,39,82,32,,,,,,9.7,2.5,0.0,12.3
2014,14,Carey Price,26,MTL,G,20,1.46,1,0,1,0,5,0,2,2,,34,20,5,2.32,.927,0.0,0.0,13.9,13.9
2014,15,Duncan Keith,30,CHI,D,19,1.39,0,0,1,3,5,6,55,61,22,,,,,,5.1,4.9,0.0,10.0
2014,16,Gustav Nyquist,24,DET,RW,13,0.95,0,1,0,2,0,28,20,48,16,,,,,,6.0,1.7,0.0,7.7
2014,17,Matt Duchene,23,COL,C,11,0.80,0,0,1,1,3,23,47,70,8,,,,,,6.6,1.5,0.0,8.1
2014,18,Alexander Steen,29,STL,LW,9,0.66,0,0,1,1,1,33,29,62,17,,,,,,6.7,2.3,0.0,9.1
2014,18,John Tavares,23,NYI,C,9,0.66,0,0,1,1,1,24,42,66,-6,,,,,,6.7,1.1,0.0,7.7
2014,20,Patrick Sharp,32,CHI,LW,7,0.51,0,0,0,2,1,34,44,78,13,,,,,,8.2,1.8,0.0,10.0
2014,21,Shea Weber,28,NSH,D,4,0.29,0,0,0,1,1,23,33,56,-2,,,,,,6.2,4.5,0.0,10.8
2014,22,Joe Thornton,34,SJS,C,3,0.22,0,0,0,0,3,11,65,76,20,,,,,,5.3,2.6,0.0,7.9
2014,23,Jaromír Jágr,41,NJD,RW,1,0.07,0,0,0,0,1,24,43,67,16,,,,,,5.8,2.9,0.0,8.7
2014,23,Patrick Marleau,34,SJS,LW,1,0.07,0,0,0,0,1,33,37,70,0,,,,,,6.7,1.8,0.0,8.6
2014,23,Alex Ovechkin,28,WSH,LW,1,0.07,0,0,0,0,1,51,28,79,-35,,,,,,9.9,0.3,0.0,10.2
2014,23,Ryan Suter,29,MIN,D,1,0.07,0,0,0,0,1,8,35,43,15,,,,,,2.6,6.9,0.0,9.5
2015,1,Carey Price,27,MTL,G,1498,95.41,139,14,2,0,0,0,1,1,0,44,16,6,1.96,.933,0.0,0.0,16.2,16.2
2015,2,Alex Ovechkin,29,WSH,LW,888,56.56,8,75,45,18,4,53,28,81,10,,,,,,10.4,2.2,0.0,12.6
2015,3,John Tavares,24,NYI,C,739,47.07,4,41,63,27,16,38,48,86,5,,,,,,9.5,1.8,0.0,11.2
2015,4,Devan Dubnyk,28,TOT,G,410,26.11,6,16,25,30,23,0,2,2,0,36,14,4,2.07,.929,0.0,0.0,12.6,12.6
2015,5,Sidney Crosby,27,PIT,C,138,8.79,0,2,3,25,34,28,56,84,5,,,,,,8.2,2.0,0.0,10.3
2015,6,Ryan Getzlaf,29,ANA,C,124,7.90,0,2,6,20,20,25,45,70,15,,,,,,6.5,2.1,0.0,8.6
2015,7,Rick Nash,30,NYR,LW,70,4.46,0,1,4,9,16,42,27,69,29,,,,,,8.9,2.5,0.0,11.4
2015,8,Pekka Rinne,32,NSH,G,49,3.12,0,2,4,4,3,0,1,1,0,41,17,6,2.18,.923,0.0,0.0,12.6,12.6
2015,9,Erik Karlsson,24,OTT,D,32,2.04,0,1,1,5,5,21,45,66,7,,,,,,7.2,4.7,0.0,11.9
2015,10,Jonathan Toews,26,CHI,C,31,1.97,0,1,3,2,3,28,38,66,30,,,,,,6.2,3.2,0.0,9.4
2015,11,Steven Stamkos,24,TBL,C,29,1.85,0,1,0,5,7,43,29,72,2,,,,,,8.6,1.5,0.0,10.1
2015,12,Jamie Benn,25,DAL,LW,23,1.46,0,0,0,5,8,35,52,87,1,,,,,,9.3,1.5,0.0,10.7
2015,13,Jiří Hudler,31,CGY,C,16,1.02,0,1,0,3,0,31,45,76,17,,,,,,7.9,2.2,0.0,10.2
2015,14,Vladimir Tarasenko,23,STL,RW,14,0.89,0,0,0,3,5,37,36,73,27,,,,,,8.5,2.6,0.0,11.2
2015,15,Andrew Hammond,26,OTT,G,9,0.57,0,0,0,1,6,0,1,1,0,20,1,2,1.79,.941,0.0,0.0,6.5,6.5
2015,16,P.K. Subban,25,MTL,D,5,0.32,0,0,1,0,0,15,45,60,21,,,,,,5.8,6.6,0.0,12.4
2015,17,Drew Doughty,25,LAK,D,2,0.13,0,0,0,0,2,7,39,46,3,,,,,,3.0,5.6,0.0,8.6
2015,18,Dustin Byfuglien,29,WPG,D,1,0.06,0,0,0,0,1,18,27,45,5,,,,,,5.3,3.5,0.0,8.8
2015,18,Marc-André Fleury,30,PIT,G,1,0.06,0,0,0,0,1,0,1,1,0,34,20,9,2.32,.920,0.0,0.0,12.2,12.2
2015,18,Braden Holtby,25,WSH,G,1,0.06,0,0,0,0,1,0,2,2,0,41,20,10,2.22,.923,0.0,0.0,14.4,14.4
2015,18,Zach Parise,30,MIN,LW,1,0.06,0,0,0,0,1,33,29,62,21,,,,,,6.9,2.5,0.0,9.4
2015,18,Shea Weber,29,NSH,D,1,0.06,0,0,0,0,1,15,30,45,15,,,,,,4.2,5.4,0.0,9.6
2016,1,Patrick Kane,27,CHI,RW,1395,93.00,121,22,5,2,0,46,60,106,17,,,,,,12.4,2.6,0.0,15.0
2016,2,Sidney Crosby,28,PIT,C,800,53.33,11,64,31,24,15,36,49,85,19,,,,,,9.1,2.4,0.0,11.5
2016,3,Jamie Benn,26,DAL,LW,637,42.47,8,34,40,34,17,41,48,89,7,,,,,,10.3,1.7,0.0,12.1
2016,4,Braden Holtby,26,WSH,G,292,19.47,5,13,19,13,17,0,1,1,0,48,9,7,2.20,.922,0.0,0.0,12.1,12.1
2016,5,Joe Thornton,36,SJS,C,267,17.80,0,8,19,31,23,19,63,82,25,,,,,,7.1,2.9,0.0,10.0
2016,6,Alex Ovechkin,30,WSH,LW,212,14.13,2,6,18,13,21,50,21,71,21,,,,,,9.1,2.6,0.0,11.7
2016,7,Jaromír Jágr,43,FLA,RW,60,4.00,1,1,5,4,6,27,39,66,23,,,,,,6.9,2.3,0.0,9.2
2016,8,Anže Kopitar,28,LAK,C,53,3.53,1,0,2,8,9,25,49,74,34,,,,,,6.5,3.3,0.0,9.7
2016,9,Erik Karlsson,25,OTT,D,44,2.93,0,1,4,2,11,16,66,82,-2,,,,,,8.4,3.2,0.0,11.7
2016,10,Ben Bishop,29,TBL,G,42,2.80,1,1,1,4,8,0,1,1,0,35,21,4,2.06,.926,0.0,0.0,12.2,12.2
2016,11,Drew Doughty,26,LAK,D,29,1.93,0,0,2,5,4,14,37,51,24,,,,,,4.5,7.1,0.0,11.6
2016,12,Vladimir Tarasenko,24,STL,RW,13,0.87,0,0,1,1,5,40,34,74,7,,,,,,8.7,2.1,0.0,10.8
2016,13,John Tavares,25,NYI,C,10,0.67,0,0,0,2,4,33,37,70,6,,,,,,7.4,1.9,0.0,9.3
2016,14,Joe Pavelski,31,SJS,C,8,0.53,0,0,0,2,2,38,40,78,25,,,,,,8.4,3.0,0.0,11.5
2016,15,Roberto Luongo,36,FLA,G,8,0.53,0,0,0,1,5,0,2,2,0,35,19,6,2.35,.922,0.0,0.0,12.1,12.1
2016,16,Claude Giroux,28,PHI,C,6,0.40,0,0,1,0,1,22,45,67,-8,,,,,,5.4,1.5,0.0,6.9
2016,17,Henrik Lundqvist,33,NYR,G,5,0.33,0,0,1,0,0,0,4,4,0,35,21,7,2.48,.920,0.0,0.0,12.6,12.6
2016,17,Cory Schneider,29,NJD,G,5,0.33,0,0,1,0,0,0,0,0,0,27,25,6,2.15,.924,0.0,0.0,11.1,11.1
2016,19,Evgeny Kuznetsov,23,WSH,C,4,0.27,0,0,0,1,1,20,57,77,27,,,,,,6.9,2.6,0.0,9.6
2016,20,Brent Burns,30,SJS,D,3,0.20,0,0,0,1,0,27,48,75,-5,,,,,,8.8,4.1,0.0,12.9
2016,20,Ryan Getzlaf,30,ANA,C,3,0.20,0,0,0,1,0,13,50,63,14,,,,,,4.4,2.6,0.0,7.0
2016,20,Ryan Kesler,31,ANA,C,3,0.20,0,0,0,1,0,21,32,53,5,,,,,,4.1,2.3,0.0,6.4
2016,23,Kris Letang,28,PIT,D,1,0.07,0,0,0,0,1,16,51,67,9,,,,,,7.0,4.3,0.0,11.3
2017,1,Connor McDavid,20,EDM,C,1604,96.05,147,17,3,0,0,30,70,100,27,,,,,,9.7,3.0,0.0,12.8
2017,2,Sidney Crosby,29,PIT,C,1104,66.11,14,119,19,11,3,44,45,89,17,,,,,,10.5,1.7,0.0,12.3
2017,3,Sergei Bobrovsky,28,CBJ,G,469,28.08,4,17,40,29,23,0,0,0,0,41,17,5,2.06,.931,0.0,0.0,14.9,14.9
2017,4,Brent Burns,31,SJS,D,273,16.35,1,3,25,29,30,29,47,76,19,,,,,,8.9,6.4,0.0,15.3
2017,5,Erik Karlsson,26,OTT,D,258,15.45,0,5,28,23,14,17,54,71,10,,,,,,7.2,5.7,0.0,12.9
2017,6,Patrick Kane,28,CHI,RW,206,12.34,0,3,20,20,25,34,55,89,11,,,,,,8.7,2.1,0.0,10.8
2017,7,Brad Marchand,28,BOS,LW,184,11.02,1,1,14,22,31,39,46,85,18,,,,,,9.8,2.8,0.0,12.6
2017,8,Nikita Kucherov,23,TBL,RW,119,7.13,0,0,11,15,19,40,45,85,13,,,,,,9.7,2.2,0.0,12.0
2017,9,Nicklas Bäckström,29,WSH,C,60,3.59,0,0,3,11,12,23,63,86,17,,,,,,7.8,2.1,0.0,9.9
2017,10,Braden Holtby,27,WSH,G,19,1.14,0,0,2,3,0,0,0,0,0,42,13,6,2.07,.925,0.0,0.0,12.3,12.3
2017,11,Auston Matthews,19,TOR,C,17,1.02,0,0,2,1,4,40,29,69,2,,,,,,8.2,1.5,0.0,9.7
2017,12,Alex Ovechkin,31,WSH,LW,7,0.42,0,1,0,0,0,33,36,69,6,,,,,,7.0,1.7,0.0,8.7
2017,12,Ryan Suter,32,MIN,D,7,0.42,0,1,0,0,0,9,31,40,34,,,,,,2.7,6.6,0.0,9.3
2017,14,Victor Hedman,26,TBL,D,5,0.30,0,0,0,1,2,16,56,72,3,,,,,,7.3,4.7,0.0,12.0
2017,15,Devan Dubnyk,30,MIN,G,4,0.24,0,0,0,1,1,0,0,0,0,40,19,5,2.25,.923,0.0,0.0,13.1,13.1
2017,15,Vladimir Tarasenko,25,STL,RW,4,0.24,0,0,0,1,1,39,36,75,-1,,,,,,8.4,1.7,0.0,10.2
2017,17,Cam Atkinson,27,CBJ,RW,1,0.06,0,0,0,0,1,35,27,62,13,,,,,,6.8,2.0,0.0,8.9
2017,17,Cam Talbot,29,EDM,G,1,0.06,0,0,0,0,1,0,0,0,0,42,22,8,2.39,.919,0.0,0.0,14.0,14.0
2018,1,Taylor Hall,26,NJD,LW,1264,77.07,72,62,19,4,3,39,54,93,14,,,,,,9.9,2.3,0.0,12.2
2018,2,Nathan MacKinnon,22,COL,C,1194,72.80,60,66,19,11,4,39,58,97,11,,,,,,10.0,2.2,0.0,12.2
2018,3,Anže Kopitar,30,LAK,C,551,33.60,11,11,41,49,12,35,57,92,21,,,,,,7.9,3.1,0.0,11.0
2018,4,Claude Giroux,30,PHI,LW,546,33.29,10,10,44,45,21,34,68,102,28,,,,,,9.0,2.8,0.0,11.8
2018,5,Connor McDavid,21,EDM,C,270,16.46,6,5,19,16,32,41,67,108,20,,,,,,10.5,2.6,0.0,13.1
2018,6,Nikita Kucherov,24,TBL,RW,166,10.12,0,6,8,15,39,39,61,100,15,,,,,,9.8,1.8,0.0,11.6
2018,7,Evgeni Malkin,31,PIT,C,97,5.91,3,2,6,5,8,42,56,98,16,,,,,,10.2,2.2,0.0,12.4
2018,8,Blake Wheeler,31,WPG,RW,69,4.21,1,2,1,6,22,23,68,91,13,,,,,,7.1,2.1,0.0,9.2
2018,9,Alex Ovechkin,32,WSH,LW,37,2.26,0,0,2,5,12,49,38,87,3,,,,,,9.3,1.9,0.0,11.2
2018,10,William Karlsson,25,VEG,C,32,1.95,1,0,3,2,1,43,35,78,49,,,,,,8.3,3.5,0.0,11.8
2018,11,Brad Marchand,29,BOS,LW,10,0.61,0,0,2,0,0,34,51,85,25,,,,,,8.4,2.5,0.0,11.0
2018,12,Pekka Rinne,35,NSH,G,9,0.55,0,0,0,2,3,0,1,1,0,42,13,4,2.31,.927,0.0,0.0,13.2,13.2
2018,13,Connor Hellebuyck,24,WPG,G,5,0.30,0,0,0,1,2,0,2,2,0,44,11,9,2.36,.924,0.0,0.0,14.0,14.0
2018,14,Artemi Panarin,26,CBJ,LW,4,0.24,0,0,0,1,1,27,55,82,23,,,,,,6.8,2.6,0.0,9.4
2018,15,Sergei Bobrovsky,29,CBJ,G,3,0.18,0,0,0,1,0,0,3,3,0,37,22,6,2.42,.921,0.0,0.0,12.9,12.9
2018,15,Drew Doughty,28,LAK,D,3,0.18,0,0,0,1,0,10,50,60,23,,,,,,4.4,7.3,0.0,11.7
2018,17,Patrice Bergeron,32,BOS,C,1,0.06,0,0,0,0,1,30,33,63,21,,,,,,6.0,2.3,0.0,8.3
2018,17,Sidney Crosby,30,PIT,C,1,0.06,0,0,0,0,1,29,60,89,0,,,,,,7.3,1.8,0.0,9.1
2018,17,Victor Hedman,27,TBL,D,1,0.06,0,0,0,0,1,17,46,63,32,,,,,,5.7,5.2,0.0,11.0
2018,17,Eric Staal,33,MIN,C,1,0.06,0,0,0,0,1,42,34,76,8,,,,,,8.0,1.8,0.0,9.8
2019,1,Nikita Kucherov,25,TBL,RW,1677,98.07,164,3,2,2,0,41,87,128,24,,,,,,12.3,2.3,0.0,14.6
2019,2,Sidney Crosby,31,PIT,C,739,43.22,3,65,33,26,11,35,65,100,18,,,,,,8.9,2.4,0.0,11.4
2019,3,Connor McDavid,22,EDM,C,465,27.19,1,35,23,22,29,41,75,116,3,,,,,,10.8,2.1,0.0,13.0
2019,4,Johnny Gaudreau,25,CGY,LW,442,25.85,2,23,30,31,18,36,63,99,18,,,,,,8.8,2.1,0.0,10.9
2019,5,Brad Marchand,30,BOS,LW,322,18.83,0,15,32,12,21,36,64,100,15,,,,,,9.2,2.5,0.0,11.7
2019,6,Nathan MacKinnon,23,COL,C,265,15.50,1,13,14,24,22,41,58,99,20,,,,,,9.1,2.7,0.0,11.8
2019,7,Alex Ovechkin,33,WSH,LW,213,12.46,0,8,13,25,17,51,38,89,7,,,,,,9.2,1.8,0.0,11.0
2019,8,Patrick Kane,30,CHI,RW,125,7.31,0,4,10,9,20,44,66,110,2,,,,,,10.2,1.6,0.0,11.8
2019,9,Mark Giordano,35,CGY,D,66,3.86,0,2,5,7,6,17,57,74,39,,,,,,6.7,5.9,0.0,12.6
2019,10,Sebastian Aho,21,CAR,C,21,1.23,0,1,2,1,1,30,53,83,25,,,,,,6.9,2.9,0.0,9.8
2019,10,Jordan Binnington,25,STL,G,21,1.23,0,1,2,1,1,0,0,0,0,24,5,1,1.89,.927,0.0,0.0,6.0,6.0
2019,12,Mark Stone,26,TOT,RW,18,1.05,0,0,1,3,4,33,40,73,17,,,,,,6.3,2.4,0.0,8.7
2019,13,Ryan O'Reilly,27,STL,C,15,0.88,0,0,2,1,2,28,49,77,22,,,,,,5.8,3.0,0.0,8.8
2019,14,Steven Stamkos,28,TBL,C,12,0.70,0,1,0,1,2,45,53,98,4,,,,,,10.1,1.4,0.0,11.5
2019,15,Patrice Bergeron,33,BOS,C,8,0.47,0,0,0,2,2,32,47,79,23,,,,,,7.7,2.3,0.0,10.1
2019,16,Aleksander Barkov,23,FLA,C,7,0.41,0,0,0,2,1,35,61,96,-3,,,,,,7.9,2.1,0.0,10.0
2019,17,Marc-André Fleury,34,VEG,G,7,0.41,0,0,0,1,4,0,2,2,0,35,21,5,2.51,.913,0.0,0.0,10.3,10.3
2019,17,John Tavares,28,TOR,C,7,0.41,0,0,0,1,4,47,41,88,19,,,,,,9.3,2.0,0.0,11.3
2019,19,Ben Bishop,32,DAL,G,5,0.29,0,0,1,0,0,0,2,2,0,27,15,2,1.98,.934,0.0,0.0,10.8,10.8
2019,19,Brent Burns,33,SJS,D/RW,5,0.29,0,0,1,0,0,16,67,83,13,,,,,,7.3,4.7,0.0,12.0
2019,21,Brayden Point,22,TBL,C,3,0.18,0,0,0,0,3,41,51,92,27,,,,,,9.1,2.3,0.0,11.4
2019,22,Darcy Kuemper,28,ARI,G,1,0.06,0,0,0,0,1,0,2,2,0,27,20,8,2.33,.925,0.0,0.0,12.0,12.0
2019,22,Mark Scheifele,25,WPG,C,1,0.06,0,0,0,0,1,38,46,84,8,,,,,,7.3,2.2,0.0,9.4
2019,22,Andrei Vasilevskiy,24,TBL,G,1,0.06,0,0,0,0,1,0,3,3,0,39,10,4,2.40,.925,0.0,0.0,12.4,12.4
2020,1,Leon Draisaitl,24,EDM,C,1309,77.00,91,31,26,16,4,43,67,110,-7,,,,,,10.9,1.8,0.0,12.8
2020,2,Nathan MacKinnon,24,COL,C,1162,68.35,48,66,34,15,5,35,58,93,13,,,,,,8.9,1.9,0.0,10.8
2020,3,Artemi Panarin,28,NYR,LW,889,52.29,24,41,54,25,17,32,63,95,36,,,,,,8.8,2.6,0.0,11.4
2020,4,David Pastrňák,23,BOS,RW,369,21.71,3,12,15,43,51,48,47,95,21,,,,,,10.8,2.4,0.0,13.2
2020,5,Connor McDavid,23,EDM,C,309,18.18,1,7,24,33,31,34,63,97,-6,,,,,,9.3,1.6,0.0,10.9
2020,6,Connor Hellebuyck,26,WPG,G,283,16.65,3,13,15,22,21,0,2,2,0,31,21,5,2.57,.922,0.0,0.0,12.5,12.5
2020,7,Roman Josi,29,NSH,D,29,1.71,0,0,1,6,6,16,49,65,22,,,,,,6.1,4.8,0.0,10.9
2020,8,Jack Eichel,23,BUF,C,14,0.82,0,0,0,2,8,36,42,78,5,,,,,,7.5,2.0,0.0,9.5
2020,9,Brad Marchand,31,BOS,LW,12,0.71,0,0,0,3,3,28,59,87,25,,,,,,7.8,2.6,0.0,10.4
2020,10,Evgeni Malkin,33,PIT,C,8,0.47,0,0,0,1,5,25,49,74,7,,,,,,7.0,1.5,0.0,8.5
2020,10,Auston Matthews,22,TOR,C,8,0.47,0,0,0,1,5,47,33,80,19,,,,,,8.9,2.0,0.0,10.8
2020,12,John Carlson,30,WSH,D,7,0.41,0,0,1,0,2,15,60,75,12,,,,,,7.2,3.5,0.0,10.7
2020,13,Nikita Kucherov,26,TBL,RW,6,0.35,0,0,0,1,3,33,52,85,26,,,,,,8.3,2.1,0.0,10.5
2020,13,Alex Ovechkin,34,WSH,LW,6,0.35,0,0,0,1,3,48,19,67,-12,,,,,,8.0,0.8,0.0,8.7
2020,15,Jacob Markström,30,VAN,G,3,0.18,0,0,0,1,0,0,1,1,0,23,16,4,2.75,.918,0.0,0.0,9.2,9.2
2020,16,Elias Pettersson,21,VAN,C,3,0.18,0,0,0,0,3,27,39,66,16,,,,,,5.7,2.0,0.0,7.7
2020,17,Tristan Jarry,24,PIT,G,1,0.06,0,0,0,0,1,0,0,0,0,20,12,1,2.43,.921,0.0,0.0,6.7,6.7
2020,17,Patrick Kane,31,CHI,RW,1,0.06,0,0,0,0,1,33,51,84,8,,,,,,7.7,1.9,0.0,9.6
2020,17,J.T. Miller,26,VAN,C,1,0.06,0,0,0,0,1,27,45,72,11,,,,,,6.0,1.9,0.0,7.9
2021,1,Connor McDavid,24,EDM,C,1000,100.00,100,0,0,0,0,33,72,105,21,,,,,,10.7,2.2,0.0,13.0
2021,2,Auston Matthews,23,TOR,C,600,60.00,0,69,19,6,4,41,25,66,21,,,,,,7.6,1.9,0.0,9.5
2021,3,Nathan MacKinnon,25,COL,C,313,31.30,0,6,40,19,14,20,45,65,22,,,,,,5.9,1.9,0.0,7.7
2021,4,Sidney Crosby,33,PIT,C,223,22.30,0,11,13,20,21,24,38,62,8,,,,,,5.8,1.2,0.0,7.0
2021,5,Brad Marchand,32,BOS,LW,134,13.40,0,6,5,16,19,29,40,69,26,,,,,,7.3,2.3,0.0,9.6
2021,6,Aleksander Barkov,25,FLA,C,125,12.50,0,3,8,18,10,26,32,58,12,,,,,,5.9,1.4,0.0,7.3
2021,7,Andrei Vasilevskiy,26,TBL,G,57,5.70,0,2,2,8,9,0,4,4,0,31,10,1,2.21,.925,0.0,0.0,9.6,9.6
2021,8,Leon Draisaitl,25,EDM,C,44,4.40,0,2,3,3,6,31,53,84,29,,,,,,8.4,2.5,0.0,10.9
2021,9,Mark Stone,28,VEG,RW,39,3.90,0,0,4,4,7,21,40,61,26,,,,,,5.5,2.1,0.0,7.6
2021,10,Mikko Rantanen,24,COL,RW,15,1.50,0,1,1,1,0,30,36,66,30,,,,,,6.8,2.3,0.0,9.1
2021,11,Juuse Saros,25,NSH,G,14,1.40,0,0,1,2,3,0,0,0,0,21,11,1,2.28,.927,0.0,0.0,8.6,8.6
2021,12,Cale Makar,22,COL,D,10,1.00,0,0,2,0,0,8,36,44,17,,,,,,4.0,3.3,0.0,7.3
2021,13,Adam Fox,22,NYR,D,5,0.50,0,0,1,0,0,5,42,47,19,,,,,,3.7,4.1,0.0,7.8
2021,13,Jonathan Huberdeau,27,FLA,LW,5,0.50,0,0,1,0,0,20,41,61,12,,,,,,5.7,1.4,0.0,7.1
2021,15,Patrick Kane,32,CHI,RW,4,0.40,0,0,0,1,1,15,51,66,-7,,,,,,4.9,1.2,0.0,6.1
2021,15,Kirill Kaprizov,23,MIN,LW,4,0.40,0,0,0,1,1,27,24,51,10,,,,,,5.4,1.3,0.0,6.7
2021,17,Sebastian Aho,23,CAR,F,3,0.30,0,0,0,1,0,24,33,57,16,,,,,,5.2,2.0,0.0,7.2
2021,18,Ryan O'Reilly,29,STL,C,2,0.20,0,0,0,0,2,24,30,54,26,,,,,,4.7,2.2,0.0,6.9
2021,19,Connor Hellebuyck,27,WPG,G,1,0.10,0,0,0,0,1,0,0,0,0,24,17,3,2.58,.916,0.0,0.0,9.1,9.1
2021,19,Mitch Marner,23,TOR,RW,1,0.10,0,0,0,0,1,20,47,67,21,,,,,,5.3,2.0,0.0,7.3
2021,19,David Pastrňák,24,BOS,RW,1,0.10,0,0,0,0,1,20,28,48,10,,,,,,4.5,1.5,0.0,6.0
2022,1,Auston Matthews,24,TOR,C,1630,83.59,119,49,15,6,4,60,46,106,20,,,,,,11.7,2.1,0.0,13.8
2022,2,Connor McDavid,25,EDM,C,1111,56.97,29,66,56,20,19,44,79,123,28,,,,,,11.1,2.8,0.0,14.0
2022,3,Igor Shesterkin,26,NYR,G,738,37.85,24,26,41,29,24,0,1,1,0,36,13,4,2.07,.935,0.0,0.0,13.6,13.6
2022,4,Johnny Gaudreau,28,CGY,LW,617,31.64,3,19,44,66,36,40,75,115,64,,,,,,10.8,3.9,0.0,14.7
2022,5,Jonathan Huberdeau,28,FLA,LW,506,25.95,13,21,21,31,31,30,85,115,35,,,,,,9.6,2.3,0.0,11.9
2022,6,Roman Josi,31,NSH,D,241,12.36,5,8,10,19,28,23,73,96,13,,,,,,8.8,5.2,0.0,13.9
2022,7,Kirill Kaprizov,24,MIN,LW,126,6.46,2,4,4,13,19,47,61,108,27,,,,,,10.7,2.0,0.0,12.8
2022,8,Cale Makar,23,COL,D,48,2.46,0,1,3,5,11,28,58,86,48,,,,,,8.5,6.8,0.0,15.3
2022,9,Leon Draisaitl,26,EDM,C,28,1.44,0,1,1,3,7,55,55,110,17,,,,,,10.9,2.4,0.0,13.3
2022,10,Alex Ovechkin,36,WSH,LW,10,0.51,0,0,0,2,4,50,40,90,8,,,,,,9.4,2.0,0.0,11.4
2022,11,Steven Stamkos,31,TBL,C,6,0.31,0,0,0,0,6,42,64,106,24,,,,,,10.1,2.4,0.0,12.5
2022,12,Aleksander Barkov,26,FLA,C,4,0.21,0,0,0,1,1,39,49,88,36,,,,,,8.4,2.2,0.0,10.6
2022,13,Jason Robertson,22,DAL,LW,3,0.15,0,0,0,0,3,41,38,79,16,,,,,,7.7,2.4,0.0,10.1
2022,14,J.T. Miller,28,VAN,C,1,0.05,0,0,0,0,1,32,67,99,15,,,,,,8.1,2.5,0.0,10.6
2022,14,Matthew Tkachuk,24,CGY,RW,1,0.05,0,0,0,0,1,42,62,104,57,,,,,,10.1,3.5,0.0,13.7
2023,1,Connor McDavid,26,EDM,C,1951,99.54,195,0,0,0,1,64,89,153,22,,,,,,15.8,2.4,0.0,18.2
2023,2,David Pastrňák,26,BOS,RW,1053,53.72,1,109,42,19,13,61,52,113,34,,,,,,12.1,2.9,0.0,15.1
2023,3,Matthew Tkachuk,25,FLA,LW/RW,741,37.81,0,54,53,27,17,40,69,109,29,,,,,,9.8,2.5,0.0,12.3
2023,4,Jason Robertson,23,DAL,LW,356,18.16,0,6,31,40,39,46,63,109,37,,,,,,10.8,3.1,0.0,13.9
2023,5,Nathan MacKinnon,27,COL,C,275,14.03,0,9,14,39,25,42,69,111,29,,,,,,10.2,2.9,0.0,13.1
2023,6,Mikko Rantanen,26,COL,RW,142,7.24,0,2,18,10,8,55,50,105,15,,,,,,10.2,2.6,0.0,12.8
2023,7,Leon Draisaitl,27,EDM,C,139,7.09,0,4,12,10,21,52,76,128,7,,,,,,12.5,1.7,0.0,14.2
2023,8,Jack Hughes,21,NJD,C,138,7.04,0,2,7,22,23,43,56,99,10,,,,,,9.4,2.0,0.0,11.3
2023,9,Ilya Sorokin,27,NYI,G,127,6.48,0,4,10,11,16,0,1,1,0,31,22,7,2.34,.924,0.0,0.0,14.1,14.1
2023,10,Linus Ullmark,29,BOS,G,61,3.11,0,6,3,0,4,1,0,1,0,40,6,1,1.89,.938,0.0,0.0,13.2,13.2
2023,11,Connor Hellebuyck,29,WPG,G,22,1.12,0,0,2,2,6,0,0,0,0,37,25,2,2.49,.920,0.0,0.0,14.3,14.3
2023,12,Nikita Kucherov,29,TBL,RW,21,1.07,0,0,1,4,4,30,83,113,-2,,,,,,8.9,1.8,0.0,10.7
2023,13,Mitch Marner,25,TOR,RW,15,0.77,0,0,0,3,6,30,69,99,18,,,,,,7.5,2.7,0.0,10.2
2023,14,Tage Thompson,25,BUF,C,14,0.71,0,0,1,3,0,47,47,94,4,,,,,,9.6,1.5,0.0,11.1
2023,15,Erik Karlsson,32,SJS,D,14,0.71,0,0,0,3,5,25,76,101,-26,,,,,,9.4,3.0,0.0,12.4
2023,16,Auston Matthews,25,TOR,C,10,0.51,0,0,1,1,2,40,45,85,31,,,,,,7.7,2.9,0.0,10.6
2023,17,Kirill Kaprizov,25,MIN,LW,5,0.26,0,0,1,0,0,40,35,75,4,,,,,,7.2,2.0,0.0,9.2
2023,18,Sidney Crosby,35,PIT,C,4,0.20,0,0,0,1,1,33,60,93,8,,,,,,7.4,2.2,0.0,9.6
2023,18,Elias Pettersson,24,VAN,C,4,0.20,0,0,0,1,1,39,63,102,16,,,,,,8.6,2.3,0.0,10.9
2023,20,Juuse Saros,27,NSH,G,4,0.20,0,0,0,0,4,0,1,1,0,33,23,7,2.69,.919,0.0,0.0,14.9,14.9
2024,1,Nathan MacKinnon,28,COL,C,1740,89.69,137,47,8,0,1,51,89,140,35,,,,,,13.1,2.9,0.0,16.0
2024,2,Nikita Kucherov,30,TBL,RW,1269,65.41,50,77,30,23,11,44,100,144,8,,,,,,13.2,2.3,0.0,15.5
2024,3,Connor McDavid,27,EDM,C,845,43.56,1,28,86,67,8,32,100,132,35,,,,,,11.2,2.9,0.0,14.1
2024,4,Auston Matthews,26,TOR,C,756,38.97,2,33,53,73,21,69,38,107,31,,,,,,12.6,2.5,0.0,15.1
2024,5,Artemi Panarin,32,NYR,LW,175,9.02,3,1,7,15,58,49,71,120,18,,,,,,11.7,2.7,0.0,14.3
2024,6,Connor Hellebuyck,30,WPG,G,104,5.36,1,4,3,7,30,0,0,0,0,37,19,4,2.39,.921,0.0,0.0,13.6,13.6
2024,7,Quinn Hughes,24,VAN,D,62,3.20,0,1,4,3,26,17,75,92,38,,,,,,7.9,6.5,0.0,14.4
2024,8,David Pastrňák,27,BOS,RW,41,2.11,0,2,0,4,15,47,63,110,21,,,,,,10.7,2.6,0.0,13.3
2024,9,Sidney Crosby,36,PIT,C,38,1.96,0,1,3,1,13,42,52,94,7,,,,,,8.7,2.0,0.0,10.7
2024,10,Roman Josi,33,NSH,D,8,0.41,0,0,0,0,8,23,62,85,12,,,,,,8.0,4.8,0.0,12.8
2024,11,J.T. Miller,30,VAN,C,3,0.15,0,0,0,1,0,37,66,103,32,,,,,,9.0,2.7,0.0,11.7
2024,12,Sebastian Aho,26,CAR,F,1,0.05,0,0,0,0,1,36,53,89,34,,,,,,7.7,3.2,0.0,10.9
2024,12,Charlie Lindgren,30,WSH,G,1,0.05,0,0,0,0,1,0,0,0,0,25,16,7,2.67,.911,0.0,0.0,9.4,9.4
2024,12,Sam Reinhart,28,FLA,C,1,0.05,0,0,0,0,1,57,37,94,29,,,,,,10.0,3.1,0.0,13.1
2025,1,Connor Hellebuyck,31,WPG,G,1346,70.47,81,45,30,22,5,0,1,1,0,47,12,3,2.00,.925,0.0,0.0,14.5,14.5
2025,2,Leon Draisaitl,29,EDM,C,1209,63.30,53,58,38,25,8,52,54,106,32,,,,,,11.4,2.9,0.0,14.3
2025,3,Nikita Kucherov,31,TBL,RW,973,50.94,25,40,51,59,11,37,84,121,22,,,,,,11.0,2.6,0.0,13.6
2025,4,Nathan MacKinnon,29,COL,C,972,50.89,27,33,62,50,11,32,84,116,25,,,,,,9.7,3.0,0.0,12.7
2025,5,Jack Eichel,28,VEG,C,150,7.85,2,3,6,10,49,28,66,94,32,,,,,,7.6,2.9,0.0,10.5
2025,6,Cale Makar,26,COL,D,108,5.65,0,7,2,10,19,30,62,92,28,,,,,,9.6,6.5,0.0,16.1
2025,7,Zach Werenski,27,CBJ,D,45,2.36,1,1,0,3,19,23,59,82,12,,,,,,7.9,4.2,0.0,12.0
2025,8,Alex Ovechkin,39,WSH,LW,38,1.99,1,1,0,2,15,44,29,73,15,,,,,,8.5,1.7,0.0,10.1
2025,9,Nick Suzuki,25,MTL,C,26,1.36,1,1,0,0,9,30,59,89,19,,,,,,7.3,2.7,0.0,9.9
2025,10,Connor McDavid,28,EDM,C,26,1.36,0,1,0,4,7,26,74,100,20,,,,,,8.4,2.4,0.0,10.7
2025,11,David Pastrňák,28,BOS,RW,24,1.26,0,1,0,2,11,43,63,106,0,,,,,,10.6,2.0,0.0,12.6
2025,12,Quinn Hughes,25,VAN,D,16,0.84,0,0,2,0,6,16,60,76,2,,,,,,6.9,4.6,0.0,11.5
2025,13,Mitch Marner,27,TOR,RW,12,0.63,0,0,0,2,6,27,75,102,18,,,,,,8.1,2.5,0.0,10.6
2025,14,Nico Hischier,26,NJD,C,4,0.21,0,0,0,1,1,35,34,69,9,,,,,,6.2,2.5,0.0,8.7
2025,15,Dustin Wolf,23,CGY,G,3,0.16,0,0,0,1,0,0,3,3,0,29,16,8,2.64,.910,0.0,0.0,11.1,11.1
2025,16,Kirill Kaprizov,27,MIN,LW,3,0.16,0,0,0,0,3,25,31,56,19,,,,,,5.6,1.8,0.0,7.4
2025,17,Kyle Connor,28,WPG,LW,2,0.10,0,0,0,0,2,41,56,97,17,,,,,,9.1,2.5,0.0,11.6
2025,18,Jesper Bratt,26,NJD,W,1,0.05,0,0,0,0,1,21,67,88,5,,,,,,6.6,2.4,0.0,9.0
2025,18,Sidney Crosby,37,PIT,C,1,0.05,0,0,0,0,1,33,58,91,-20,,,,,,7.7,1.4,0.0,9.1
2025,18,Filip Gustavsson,26,MIN,G,1,0.05,0,0,0,0,1,1,1,2,0,31,19,6,2.56,.914,0.0,0.0,12.8,12.8
2025,18,Jack Hughes,23,NJD,C,1,0.05,0,0,0,0,1,27,43,70,12,,,,,,6.1,2.3,0.0,8.4
2025,18,Darcy Kuemper,34,LAK,G,1,0.05,0,0,0,0,1,0,1,1,0,31,11,7,2.02,.921,0.0,0.0,10.5,10.5
2025,18,William Nylander,28,TOR,C,1,0.05,0,0,0,0,1,45,39,84,10,,,,,,8.5,2.1,0.0,10.6
2025,18,Robert Thomas,25,STL,C,1,0.05,0,0,0,0,1,21,60,81,20,,,,,,6.1,2.3,0.0,8.4
2025,18,Brady Tkachuk,25,OTT,LW,1,0.05,0,0,0,0,1,29,26,55,0,,,,,,4.7,1.8,0.0,6.5
2025,18,Andrei Vasilevskiy,30,TBL,G,1,0.05,0,0,0,0,1,0,2,2,0,38,20,5,2.18,.921,0.0,0.0,14.2,14.2
